Voltage,Current,Temperature,SOC
17.629928281502732,14.589480880153813,40.55143235572374,375.2142731088145
17.73680654316843,14.92841944639423,38.75062739951781,379.86115405080136
